Id,ExitNo,ExitDate,TenancyId,EffectiveDate,DepositPayable,Status,Charges,DatePaid,NetRefundable
1,,2020-10-26 15:59:43.706275,146,0001-01-01 00:00:00.0,0,Unconfirmed,0,0001-01-01 00:00:00.0,9000
2,,2020-10-31 17:11:02.804666,104,0001-01-01 00:00:00.0,0,Unconfirmed,0,0001-01-01 00:00:00.0,500
3,,2021-01-13 15:17:46.390934,205,2021-01-13 15:17:46.390936,15000,Paid,23000.00,0001-01-01 00:00:00.0,0
4,,2021-01-14 16:55:25.333609,95,2021-01-14 16:55:25.33361,0,Paid,48753.00,0001-01-01 00:00:00.0,0
5,,2021-01-20 13:51:32.574043,44,2021-01-20 13:51:32.574046,0,Paid,32500.00,0001-01-01 00:00:00.0,0
6,,2021-01-21 17:56:54.275807,7,2021-01-21 17:56:54.275808,0,Paid,5499.00,0001-01-01 00:00:00.0,0
7,,2021-01-21 17:57:28.808652,101,2021-01-21 17:57:28.808652,0,Paid,31141.00,0001-01-01 00:00:00.0,0
8,,2021-01-21 17:57:52.090568,163,2021-01-21 17:57:52.090568,0,Paid,63650,0001-01-01 00:00:00.0,0
9,,2021-01-29 09:38:49.046381,62,2021-01-29 09:38:49.046383,0,Paid,13642.00,0001-01-01 00:00:00.0,0
10,,2021-01-29 09:40:36.726532,115,2021-01-29 09:40:36.726533,0,Paid,30940,0001-01-01 00:00:00.0,0
11,,2021-01-29 09:41:42.804256,117,2021-01-29 09:41:42.804257,0,Paid,4500,0001-01-01 00:00:00.0,0
12,,2021-01-29 09:42:38.104907,118,2021-01-29 09:42:38.104908,0,Paid,4000,0001-01-01 00:00:00.0,0
13,,2021-01-29 09:43:15.73175,116,2021-01-29 09:43:15.731751,0,Paid,4000,0001-01-01 00:00:00.0,0
14,,2021-01-29 09:43:49.961709,119,2021-01-29 09:43:49.96171,0,Paid,2500,0001-01-01 00:00:00.0,0
15,,2021-01-29 09:44:36.088743,114,2021-01-29 09:44:36.088744,0,Paid,2500,0001-01-01 00:00:00.0,0
16,,2021-01-29 09:45:57.398617,50,2021-01-29 09:45:57.398617,0,Paid,12000.00,0001-01-01 00:00:00.0,0
17,,2021-01-29 09:46:51.065996,48,2021-01-29 09:46:51.065996,32000,Unconfirmed,10000.00,0001-01-01 00:00:00.0,22000.00
18,,2021-01-29 09:49:26.626946,160,2021-01-29 09:49:26.626946,0,Paid,61311.00,0001-01-01 00:00:00.0,0
19,,2021-01-29 09:51:51.94103,185,2021-01-29 09:51:51.94103,0,Paid,7018.00,0001-01-01 00:00:00.0,0
20,,2021-01-29 09:53:37.515503,10,2021-01-29 09:53:37.515504,0,Paid,16000.00,0001-01-01 00:00:00.0,0
21,,2021-01-29 09:54:12.529374,24,2021-01-29 09:54:12.529375,0,Paid,4000,0001-01-01 00:00:00.0,0
22,,2021-01-29 09:54:48.370545,26,2021-01-29 09:54:48.370545,0,Paid,0,0001-01-01 00:00:00.0,0
23,,2021-01-29 09:56:20.183179,14,2021-01-29 09:56:20.18318,0,Paid,7500,0001-01-01 00:00:00.0,0
24,,2021-01-31 09:45:19.896316,164,2021-01-31 09:45:19.896317,0,Paid,4100.00,0001-01-01 00:00:00.0,0
25,,2021-04-07 17:09:29.719219,178,2021-04-07 17:09:29.719219,15000,Paid,40450.00,0001-01-01 00:00:00.0,0
26,,2021-04-07 17:25:24.905175,153,2021-04-07 17:25:24.905175,0.0,Paid,63150,0001-01-01 00:00:00.0,0
27,,2021-04-07 17:29:46.172398,124,2021-04-07 17:29:46.172399,0.0,Paid,61500.00,0001-01-01 00:00:00.0,0
28,,2021-04-07 17:30:35.403555,219,2021-04-07 17:30:35.403556,13000,Paid,56600.00,0001-01-01 00:00:00.0,0
29,,2021-04-07 17:31:23.192907,104,2021-04-07 17:31:23.192908,0.0,Paid,54152,0001-01-01 00:00:00.0,0
30,,2021-04-07 17:31:57.826586,105,2021-04-07 17:31:57.826586,0.0,Paid,53115.00,0001-01-01 00:00:00.0,0
31,,2021-04-07 17:32:34.320856,97,2021-04-07 17:32:34.320856,0.0,Paid,47738.00,0001-01-01 00:00:00.0,0
32,,2021-04-07 17:33:06.716471,125,2021-04-07 17:33:06.716472,0.0,Paid,48120.00,0001-01-01 00:00:00.0,0
33,,2021-04-07 17:36:47.516166,67,2021-04-07 17:36:47.516166,0.0,Paid,38688.00,0001-01-01 00:00:00.0,0
34,,2021-04-07 17:37:38.969625,217,2021-04-07 17:37:38.969625,23000,Paid,36480.00,0001-01-01 00:00:00.0,0
35,,2021-04-07 17:54:03.033934,45,2021-04-07 17:54:03.033935,0.0,Paid,31000.00,0001-01-01 00:00:00.0,0
36,,2021-04-07 17:54:48.381879,60,2021-04-07 17:54:48.38188,0.0,Paid,24368.00,0001-01-01 00:00:00.0,0
37,,2021-04-07 17:55:28.172606,134,2021-04-07 17:55:28.172606,0.0,Paid,18480.00,0001-01-01 00:00:00.0,0
38,,2021-04-07 17:56:09.715799,128,2021-04-07 17:56:09.7158,0.0,Paid,17760.00,0001-01-01 00:00:00.0,0
39,,2021-04-07 17:56:46.70938,130,2021-04-07 17:56:46.709381,0.0,Paid,16720.00,0001-01-01 00:00:00.0,0
40,,2021-04-07 17:57:24.115105,3,2021-04-07 17:57:24.115105,0.0,Paid,16029.00,0001-01-01 00:00:00.0,0
41,,2021-04-07 17:58:29.037534,142,2021-04-07 17:58:29.037535,0.0,Paid,39720.00,0001-01-01 00:00:00.0,0
42,,2021-04-07 18:30:27.720763,40,2021-04-07 18:30:27.720763,0.0,Paid,35500.00,0001-01-01 00:00:00.0,0
43,,2021-04-07 18:31:12.944082,204,2021-04-07 18:31:12.944082,10500,Paid,35500.00,0001-01-01 00:00:00.0,0
44,,2021-04-07 18:31:58.3604,53,2021-04-07 18:31:58.3604,0.0,Paid,33326.00,0001-01-01 00:00:00.0,0
45,,2021-04-07 18:32:38.736874,234,2021-04-07 18:32:38.736875,6000,Paid,18000.00,0001-01-01 00:00:00.0,0
46,,2021-04-07 18:36:33.84285,190,2021-04-07 18:36:33.84285,14000,Paid,24350.00,0001-01-01 00:00:00.0,0
47,,2021-04-07 18:37:18.979801,12,2021-04-07 18:37:18.979801,0.0,Paid,21000.00,0001-01-01 00:00:00.0,0
48,,2021-04-07 18:37:55.855904,122,2021-04-07 18:37:55.855905,0.0,Paid,53500,0001-01-01 00:00:00.0,0
49,,2021-04-07 19:56:02.855434,227,2021-04-07 19:56:02.855434,0.0,Paid,10750.00,0001-01-01 00:00:00.0,0
50,,2021-04-07 19:57:30.980398,198,2021-04-07 19:57:30.980398,10500,Paid,45500.00,0001-01-01 00:00:00.0,0
51,,2021-04-07 23:03:29.560543,18,2021-04-07 23:03:29.560543,7500,Paid,22500.00,0001-01-01 00:00:00.0,0
52,,2021-04-08 00:44:13.006686,180,2021-04-08 00:44:13.006686,0.0,Paid,36000.00,0001-01-01 00:00:00.0,0
53,,2021-04-08 02:27:08.965731,77,2021-04-08 02:27:08.965732,0.0,Paid,11972.00,0001-01-01 00:00:00.0,0
54,,2021-04-08 19:45:18.175915,238,2021-04-08 19:45:18.175915,0.0,Unconfirmed,0,0001-01-01 00:00:00.0,4880.00
55,,2021-04-08 20:04:45.616266,11,2021-04-08 20:04:45.616266,0.0,Paid,22500,0001-01-01 00:00:00.0,0
56,,2021-04-08 20:07:48.082052,22,2021-04-08 20:07:48.082052,0.0,Paid,22500,0001-01-01 00:00:00.0,0
57,,2021-04-18 13:31:10.542791,196,2021-04-18 13:31:10.542792,16000,Paid,37900.00,0001-01-01 00:00:00.0,0
58,,2021-04-18 16:52:49.355262,223,2021-04-18 16:52:49.355263,7500,Paid,15000.00,0001-01-01 00:00:00.0,0
59,,2021-04-18 17:26:55.714966,120,2021-04-18 17:26:55.714967,0.0,Paid,16000,0001-01-01 00:00:00.0,0
60,,2021-04-18 22:44:54.953241,156,2021-04-18 22:44:54.953242,0.0,Paid,31200.00,0001-01-01 00:00:00.0,0
61,,2021-05-12 23:17:09.247543,98,2021-05-12 23:17:09.247544,0.0,Paid,14174.00,0001-01-01 00:00:00.0,0
62,,2021-05-13 00:06:07.284416,270,2021-05-13 00:06:07.284417,0.0,Paid,15489.00,0001-01-01 00:00:00.0,0
63,,2021-05-13 00:34:15.30841,162,2021-05-13 00:34:15.308411,0.0,Paid,29450.00,0001-01-01 00:00:00.0,0
64,,2021-05-13 00:40:56.809984,146,2021-05-13 00:40:56.809984,0.0,Paid,23450,0001-01-01 00:00:00.0,0
65,,2021-05-13 12:06:04.715411,151,2021-05-13 12:06:04.715411,0.0,Paid,9300.00,0001-01-01 00:00:00.0,0
66,,2021-05-13 12:37:19.663079,41,2021-05-13 12:37:19.663079,0.0,Paid,17000.00,0001-01-01 00:00:00.0,0
67,,2021-05-13 13:01:03.259825,113,2021-05-13 13:01:03.259826,0.0,Paid,5700.00,0001-01-01 00:00:00.0,0
68,,2021-05-13 15:49:59.672363,191,2021-05-13 15:49:59.672363,0.0,Paid,15500.00,0001-01-01 00:00:00.0,0
69,,2021-04-30 00:00:00.0,155,2021-04-30 00:00:00.0,0.0,Paid,10050.00,0001-01-01 00:00:00.0,0
70,,2021-04-30 00:00:00.0,131,2021-04-30 00:00:00.0,0.0,Paid,14360.00,0001-01-01 00:00:00.0,0
71,,2021-05-18 13:30:50.291423,259,2021-05-18 13:30:50.291424,18000,Paid,26750.00,0001-01-01 00:00:00.0,0
72,,2021-05-19 14:20:19.606834,168,2021-05-19 14:20:19.606834,0.0,Paid,16000.00,0001-01-01 00:00:00.0,0
73,,2021-05-24 22:13:54.935899,230,2021-05-24 22:13:54.935899,0.0,Paid,3450.00,0001-01-01 00:00:00.0,0
74,,2021-05-25 08:24:22.47324,274,2021-05-25 08:24:22.47324,13000,Paid,21720.00,0001-01-01 00:00:00.0,0
75,,2021-05-27 13:57:36.248056,78,2021-05-27 13:57:36.248057,0.0,Paid,5956.00,0001-01-01 00:00:00.0,0
76,,2021-05-27 17:06:36.12556,135,2021-05-27 17:06:36.125561,0.0,Paid,13360.00,0001-01-01 00:00:00.0,0
77,,2021-06-13 00:00:00.0,126,2021-06-13 00:00:00.0,0.0,Paid,15320.00,0001-01-01 00:00:00.0,0
78,,2021-06-12 00:00:00.0,165,2021-06-12 00:00:00.0,0.0,Paid,19900.00,0001-01-01 00:00:00.0,0
79,,2021-05-31 00:00:00.0,99,2021-05-31 00:00:00.0,0.0,Paid,15652.00,0001-01-01 00:00:00.0,0
80,,2021-05-31 00:00:00.0,31,2021-05-31 00:00:00.0,0.0,Paid,6500.00,0001-01-01 00:00:00.0,0
81,,2021-05-21 00:00:00.0,28,2021-05-21 00:00:00.0,0.0,Paid,16000.00,0001-01-01 00:00:00.0,0
82,,2021-04-30 00:00:00.0,183,2021-04-30 00:00:00.0,7500,Paid,15000.00,0001-01-01 00:00:00.0,0
83,,2021-05-01 00:00:00.0,25,2021-05-01 00:00:00.0,0.0,Paid,34400.00,0001-01-01 00:00:00.0,0
84,,2021-06-22 00:00:00.0,261,2021-06-22 00:00:00.0,5500,Paid,13500.00,0001-01-01 00:00:00.0,0
85,,2021-06-22 00:00:00.0,229,2021-06-22 00:00:00.0,10000.00,Paid,20000.00,0001-01-01 00:00:00.0,0
86,,2021-06-22 00:00:00.0,167,2021-06-22 00:00:00.0,0.0,Paid,24500.00,0001-01-01 00:00:00.0,0
87,,2021-07-04 00:00:00.0,312,2021-07-04 00:00:00.0,0.0,Unconfirmed,0,0001-01-01 00:00:00.0,4000.00
88,,2021-07-10 00:00:00.0,262,2021-07-10 00:00:00.0,10500,Paid,22000.00,0001-01-01 00:00:00.0,0
89,,2021-07-25 00:00:00.0,260,2021-07-25 00:00:00.0,10500,Unconfirmed,6500.00,0001-01-01 00:00:00.0,4000.00
90,,2021-07-21 00:00:00.0,263,2021-07-21 00:00:00.0,4000,Paid,10200.00,0001-01-01 00:00:00.0,0
91,,2021-07-26 00:00:00.0,242,2021-07-26 00:00:00.0,6500,Paid,19500.00,0001-01-01 00:00:00.0,0
92,,2021-06-30 00:00:00.0,290,2021-06-30 00:00:00.0,0.0,Paid,7500.00,0001-01-01 00:00:00.0,0
93,,2021-07-27 00:00:00.0,252,2021-07-27 00:00:00.0,6000,Paid,6000.00,0001-01-01 00:00:00.0,0
95,,2021-07-31 15:24:27.225233,129,2021-07-31 15:24:27.225233,0.0,Paid,8520.00,0001-01-01 00:00:00.0,0
96,,2021-07-31 16:48:22.561533,302,2021-07-31 16:48:22.561534,13000,Paid,13840.00,0001-01-01 00:00:00.0,0
97,,2021-08-03 00:00:00.0,68,2021-08-03 00:00:00.0,0.0,Paid,13489.00,0001-01-01 00:00:00.0,0
98,,2021-08-05 00:00:00.0,210,2021-08-05 00:00:00.0,19000,Paid,28450.00,0001-01-01 00:00:00.0,0
99,,2021-07-31 00:00:00.0,94,2021-07-31 00:00:00.0,0.0,Paid,15163.00,0001-01-01 00:00:00.0,0
100,,2021-07-31 00:00:00.0,231,2021-07-31 00:00:00.0,16000,Unconfirmed,12075.00,0001-01-01 00:00:00.0,3925.00
101,,2021-08-20 12:54:23.308533,103,2021-08-20 12:54:23.308533,0.0,Paid,70857.00,0001-01-01 00:00:00.0,0
102,,2021-04-01 00:00:00.0,276,2021-04-01 00:00:00.0,0.0,Paid,5600.00,0001-01-01 00:00:00.0,0
103,,2021-06-30 00:00:00.0,295,2021-06-30 00:00:00.0,0.0,Paid,5000.00,0001-01-01 00:00:00.0,0
104,,2021-08-20 16:08:31.218173,304,2021-08-20 16:08:31.218173,0.0,Paid,7500.00,0001-01-01 00:00:00.0,0
105,,2021-08-20 16:09:13.618785,287,2021-08-20 16:09:13.618786,0.0,Paid,7000.00,0001-01-01 00:00:00.0,0
106,,2021-08-20 16:09:47.626367,291,2021-08-20 16:09:47.626368,0.0,Paid,15000.00,0001-01-01 00:00:00.0,0
107,,2021-08-05 00:00:00.0,111,2021-08-05 00:00:00.0,0.0,Paid,11000.00,0001-01-01 00:00:00.0,0
108,,2021-09-08 10:48:32.167747,27,2021-09-04 00:00:00.0,0.0,Paid,8000.00,0001-01-01 00:00:00.0,0
109,,2021-07-31 00:00:00.0,266,2021-07-31 00:00:00.0,7500,Paid,17500.00,0001-01-01 00:00:00.0,0
110,,2021-09-18 00:00:00.0,273,2021-09-18 00:00:00.0,8500,Paid,19200.00,0001-01-01 00:00:00.0,0
111,,2021-09-20 00:00:00.0,90,2021-09-20 00:00:00.0,0.0,Paid,15652.00,0001-01-01 00:00:00.0,0
112,,2021-09-01 00:00:00.0,329,2021-09-01 00:00:00.0,13000,Unconfirmed,11000.00,0001-01-01 00:00:00.0,2000.00
113,,2021-09-22 00:00:00.0,16,2021-09-22 00:00:00.0,0.0,Paid,12000.00,0001-01-01 00:00:00.0,0
114,,2021-10-01 00:00:00.0,187,2021-10-01 00:00:00.0,0.0,Paid,15920.00,0001-01-01 00:00:00.0,0
115,,2021-09-24 00:00:00.0,325,2021-09-24 00:00:00.0,0.0,Unconfirmed,0,0001-01-01 00:00:00.0,3000.00
116,,2021-10-06 00:00:00.0,201,2021-10-06 00:00:00.0,16000,Unconfirmed,0,0001-01-01 00:00:00.0,16000
117,,2021-10-04 00:00:00.0,203,2021-10-04 00:00:00.0,15000,Paid,18950.00,0001-01-01 00:00:00.0,0
118,,2021-10-04 00:00:00.0,314,2021-10-04 00:00:00.0,0.0,Paid,1500.00,0001-01-01 00:00:00.0,0
119,,2021-10-04 00:00:00.0,254,2021-10-04 00:00:00.0,14000,Unconfirmed,9300.00,0001-01-01 00:00:00.0,4700.00
120,,2021-09-30 00:00:00.0,140,2021-09-30 00:00:00.0,0.0,Paid,13480.00,0001-01-01 00:00:00.0,0
121,,2021-09-30 00:00:00.0,235,2021-09-30 00:00:00.0,16000,Unconfirmed,11489.00,0001-01-01 00:00:00.0,4511.00
122,,2021-10-29 00:00:00.0,184,2021-10-29 00:00:00.0,8000,Paid,15500.00,0001-01-01 00:00:00.0,0
123,,2021-09-30 00:00:00.0,301,2021-09-30 00:00:00.0,0.0,Paid,7500.00,0001-01-01 00:00:00.0,0
124,,2021-11-22 00:00:00.0,333,2021-11-22 00:00:00.0,13000,Paid,16240.00,0001-01-01 00:00:00.0,0
125,,2021-10-31 00:00:00.0,254,2021-10-31 00:00:00.0,14000,Paid,18600.00,0001-01-01 00:00:00.0,0
126,,2021-10-31 00:00:00.0,143,2021-10-31 00:00:00.0,0.0,Paid,18120.00,0001-01-01 00:00:00.0,0
127,,2021-10-31 00:00:00.0,197,2021-10-31 00:00:00.0,14000,Unconfirmed,2640.00,0001-01-01 00:00:00.0,11360.00
128,,2021-10-31 00:00:00.0,299,2021-10-31 00:00:00.0,13000,Unconfirmed,0,0001-01-01 00:00:00.0,15000.00
129,,2021-10-31 00:00:00.0,322,2021-10-31 00:00:00.0,16000,Paid,23804.00,0001-01-01 00:00:00.0,0
130,,2021-11-30 00:00:00.0,87,2021-11-30 00:00:00.0,4000,Paid,22138.00,0001-01-01 00:00:00.0,0
131,,2021-11-30 00:00:00.0,145,2021-11-30 00:00:00.0,0.0,Paid,14500.00,0001-01-01 00:00:00.0,0
132,,2021-12-04 00:00:00.0,152,2021-12-04 00:00:00.0,0.0,Paid,17700.00,0001-01-01 00:00:00.0,0
133,,2021-12-02 00:00:00.0,348,2021-12-02 00:00:00.0,13000,Unconfirmed,0,0001-01-01 00:00:00.0,13000
134,,2021-11-30 00:00:00.0,112,2021-11-30 00:00:00.0,0.0,Paid,9300.00,0001-01-01 00:00:00.0,0
135,,2021-11-30 00:00:00.0,305,2021-11-30 00:00:00.0,18000,Paid,27680.00,0001-01-01 00:00:00.0,0
136,,2021-12-31 00:00:00.0,215,2021-12-31 00:00:00.0,19000,Unconfirmed,13660.00,0001-01-01 00:00:00.0,5340.00
137,,2022-02-10 00:00:00.0,207,2022-02-10 00:00:00.0,10000,Paid,21000.00,0001-01-01 00:00:00.0,0
138,,2022-02-03 00:00:00.0,360,2022-02-03 00:00:00.0,0.0,Unconfirmed,0,0001-01-01 00:00:00.0,14500.00
140,,2022-02-05 00:00:00.0,269,2022-02-05 00:00:00.0,5500,Paid,5500.00,0001-01-01 00:00:00.0,0
143,,2021-12-31 00:00:00.0,357,2022-01-31 00:00:00.0,10500,Paid,15000.00,0001-01-01 00:00:00.0,0
144,,2022-02-04 00:00:00.0,199,2022-02-04 00:00:00.0,17000,Unconfirmed,0,0001-01-01 00:00:00.0,17092.00
145,,2022-02-05 00:00:00.0,339,2022-02-05 00:00:00.0,5000,Unconfirmed,0,0001-01-01 00:00:00.0,5000
146,,2022-02-19 00:00:00.0,363,2022-02-19 00:00:00.0,13000,Paid,16000.00,0001-01-01 00:00:00.0,0
147,,2022-02-19 00:00:00.0,347,2022-02-19 00:00:00.0,20000,Unconfirmed,15500.00,0001-01-01 00:00:00.0,4500.00
148,,2022-02-26 00:00:00.0,239,2022-02-26 00:00:00.0,18000,Unconfirmed,14450.00,0001-01-01 00:00:00.0,3550.00
149,,2022-02-28 12:17:13.785375,244,2022-02-28 12:17:13.785375,13000,Unconfirmed,0,0001-01-01 00:00:00.0,13000
150,,2022-02-28 00:00:00.0,342,2022-02-28 00:00:00.0,14000,Unconfirmed,9500.00,0001-01-01 00:00:00.0,4500.00
151,,2022-03-03 00:00:00.0,56,2022-03-03 00:00:00.0,0.0,Paid,25000.00,0001-01-01 00:00:00.0,0
152,,2022-03-02 00:00:00.0,265,2022-03-02 00:00:00.0,19000,Paid,32975.00,0001-01-01 00:00:00.0,0
153,,2022-03-04 00:00:00.0,320,2022-03-04 00:00:00.0,18000,Paid,26567.00,0001-01-01 00:00:00.0,0
154,,2022-03-19 00:00:00.0,161,2022-03-19 00:00:00.0,0.0,Paid,2300.00,0001-01-01 00:00:00.0,0
155,,2022-03-11 00:00:00.0,379,2022-03-11 00:00:00.0,0.0,Paid,0,0001-01-01 00:00:00.0,0
156,,2022-04-02 00:00:00.0,237,2022-04-02 00:00:00.0,7500,Paid,19500.00,0001-01-01 00:00:00.0,0
157,,2022-03-31 00:00:00.0,177,2022-03-31 00:00:00.0,53000,Unconfirmed,12505.00,0001-01-01 00:00:00.0,40495.00
158,,2022-03-30 00:00:00.0,131,2022-03-30 00:00:00.0,0.0,Paid,14500.00,0001-01-01 00:00:00.0,0
159,,2022-04-03 00:00:00.0,308,2022-04-03 00:00:00.0,5000,Paid,5000.00,0001-01-01 00:00:00.0,0
160,,2022-03-03 00:00:00.0,382,2022-03-03 00:00:00.0,13000,Unconfirmed,1000.00,0001-01-01 00:00:00.0,12000.00
161,,2022-04-23 00:00:00.0,8,2022-04-23 00:00:00.0,0.0,Paid,2000.00,0001-01-01 00:00:00.0,0
162,,2022-04-30 00:00:00.0,127,2022-04-30 00:00:00.0,0.0,Paid,9700.00,0001-01-01 00:00:00.0,0
163,,2022-05-04 00:00:00.0,344,2022-05-04 00:00:00.0,0.0,Paid,120000,0001-01-01 00:00:00.0,0
164,,2022-05-07 17:02:47.018851,232,2022-05-07 17:02:47.018852,9500,Unconfirmed,7000.00,0001-01-01 00:00:00.0,2500.00
165,,2022-05-07 00:00:00.0,353,2022-05-07 00:00:00.0,10500,Unconfirmed,9000.00,0001-01-01 00:00:00.0,1500.00
166,,2022-03-31 00:00:00.0,248,2022-03-31 00:00:00.0,3500,Paid,7000.00,0001-01-01 00:00:00.0,0
167,,2022-04-30 00:00:00.0,409,2022-04-30 00:00:00.0,0.0,Paid,7000,0001-01-01 00:00:00.0,0
168,,2022-04-30 00:00:00.0,405,2022-04-30 00:00:00.0,0.0,Paid,14000,0001-01-01 00:00:00.0,0
169,,2022-04-30 00:00:00.0,475,2022-04-30 00:00:00.0,0.0,Unconfirmed,0,0001-01-01 00:00:00.0,7000.00
170,,2022-05-19 00:00:00.0,346,2022-05-19 00:00:00.0,17000,Unconfirmed,15000.00,0001-01-01 00:00:00.0,2000.00
172,,2022-04-30 00:00:00.0,414,2022-04-30 00:00:00.0,0.0,Paid,0,0001-01-01 00:00:00.0,0
173,,2022-05-31 00:00:00.0,403,2022-05-31 00:00:00.0,0.0,Paid,14000,0001-01-01 00:00:00.0,0
174,,2022-05-31 00:00:00.0,393,2022-06-01 00:00:00.0,0.0,Paid,7000.00,0001-01-01 00:00:00.0,0
175,,2022-05-31 00:00:00.0,418,2022-05-31 00:00:00.0,0.0,Paid,7000.00,0001-01-01 00:00:00.0,0
176,,2022-05-31 00:00:00.0,442,2022-05-31 00:00:00.0,0.0,Paid,7500,0001-01-01 00:00:00.0,0
177,,2022-05-31 00:00:00.0,429,2022-05-31 00:00:00.0,0.0,Paid,10500.00,0001-01-01 00:00:00.0,0
178,,2022-05-31 00:00:00.0,256,2022-05-31 00:00:00.0,17000,Paid,32993.00,0001-01-01 00:00:00.0,0
179,,2022-05-31 00:00:00.0,510,2022-05-31 00:00:00.0,8000,Paid,15000,0001-01-01 00:00:00.0,0
180,,2022-05-31 00:00:00.0,264,2022-05-31 00:00:00.0,14000,Paid,24550.00,0001-01-01 00:00:00.0,0
181,,2022-05-31 00:00:00.0,371,2022-05-31 00:00:00.0,4000,Paid,8000.00,0001-01-01 00:00:00.0,0
182,,2022-05-31 00:00:00.0,255,2022-05-31 00:00:00.0,8500,Paid,17000.00,0001-01-01 00:00:00.0,0
183,,2022-05-31 00:00:00.0,384,2022-05-31 00:00:00.0,14000,Paid,19000.00,0001-01-01 00:00:00.0,0
184,,2022-06-17 00:00:00.0,332,2022-06-17 00:00:00.0,11000.00,Paid,18000.00,0001-01-01 00:00:00.0,0
185,,2022-06-17 00:00:00.0,383,2022-06-17 00:00:00.0,10500,Paid,16000.00,0001-01-01 00:00:00.0,0
186,,2022-05-31 00:00:00.0,487,2022-05-31 00:00:00.0,11000,Paid,16000.00,0001-01-01 00:00:00.0,0
187,,2022-05-31 00:00:00.0,361,2022-05-31 00:00:00.0,10500,Paid,15000.00,0001-01-01 00:00:00.0,0
188,,2022-06-30 00:00:00.0,100,2022-06-30 00:00:00.0,0.0,Paid,18500.00,0001-01-01 00:00:00.0,0
189,,2022-06-30 00:00:00.0,64,2022-06-30 00:00:00.0,0.0,Paid,13900.00,0001-01-01 00:00:00.0,0
190,,2022-04-30 00:00:00.0,386,2022-04-30 00:00:00.0,0.0,Paid,22500.00,0001-01-01 00:00:00.0,0
191,,2022-06-30 00:00:00.0,278,2022-06-30 00:00:00.0,20000,Unconfirmed,15500.00,0001-01-01 00:00:00.0,4500.00
192,,2022-06-30 00:00:00.0,366,2022-06-30 00:00:00.0,0.0,Paid,1000.00,0001-01-01 00:00:00.0,0
193,,2022-06-30 00:00:00.0,523,2022-06-30 00:00:00.0,19000,Unconfirmed,13500.00,0001-01-01 00:00:00.0,5500.00
194,,2022-07-20 00:00:00.0,272,2022-07-20 00:00:00.0,6000,Paid,21600.00,0001-01-01 00:00:00.0,0
195,,2022-07-26 00:00:00.0,208,2022-07-26 00:00:00.0,17000,Paid,33364.00,0001-01-01 00:00:00.0,0
196,,2022-05-31 00:00:00.0,398,2022-05-31 00:00:00.0,0.0,Paid,21000.00,0001-01-01 00:00:00.0,0
197,,2022-06-30 00:00:00.0,509,2022-06-30 00:00:00.0,8000,Unconfirmed,4000.00,0001-01-01 00:00:00.0,4000.00
198,,2022-06-30 00:00:00.0,444,2022-06-30 00:00:00.0,0.0,Paid,7000.00,0001-01-01 00:00:00.0,0
199,,2022-06-09 00:00:00.0,459,2022-06-09 00:00:00.0,0.0,Paid,17000.00,0001-01-01 00:00:00.0,0
200,,2022-05-31 00:00:00.0,507,2022-05-31 00:00:00.0,0.0,Paid,14000.00,0001-01-01 00:00:00.0,0
202,,2022-05-23 00:00:00.0,441,2022-05-23 00:00:00.0,0.0,Paid,14000.00,0001-01-01 00:00:00.0,0
203,,2022-05-31 00:00:00.0,442,2022-05-31 00:00:00.0,0.0,Paid,14500,0001-01-01 00:00:00.0,0
204,,2022-07-31 00:00:00.0,369,2022-07-31 00:00:00.0,10500,Paid,15000.00,0001-01-01 00:00:00.0,0
205,,2022-07-31 00:00:00.0,349,2022-07-31 00:00:00.0,20000,Unconfirmed,15500.00,0001-01-01 00:00:00.0,4500.00
206,,2022-07-31 00:00:00.0,92,2022-07-31 00:00:00.0,0.0,Paid,15500.00,0001-01-01 00:00:00.0,0
207,,2022-08-03 00:00:00.0,496,2022-08-03 00:00:00.0,11000,Paid,22000.00,0001-01-01 00:00:00.0,0
208,,2022-08-08 15:35:58.090785,386,2022-08-08 15:35:58.090785,0.0,Paid,30000.00,0001-01-01 00:00:00.0,0
209,,2022-08-08 15:43:37.666901,121,2022-08-08 15:43:37.666901,0.0,Paid,0,0001-01-01 00:00:00.0,0
211,,2022-05-01 00:00:00.0,519,2022-05-01 00:00:00.0,0.0,Paid,25500.00,0001-01-01 00:00:00.0,0
212,,2022-08-13 00:00:00.0,449,2022-08-13 00:00:00.0,0.0,Paid,42000,0001-01-01 00:00:00.0,0
213,,2022-08-13 00:00:00.0,532,2022-08-13 00:00:00.0,0.0,Paid,42000,0001-01-01 00:00:00.0,0
214,,2022-08-13 00:00:00.0,483,2022-08-13 00:00:00.0,0.0,Paid,25300.00,0001-01-01 00:00:00.0,0
215,,2022-08-13 00:00:00.0,522,2022-08-13 00:00:00.0,0.0,Paid,31500.00,0001-01-01 00:00:00.0,0
216,,2022-08-13 00:00:00.0,432,2022-08-13 00:00:00.0,0.0,Paid,28000,0001-01-01 00:00:00.0,0
217,,2022-08-13 00:00:00.0,319,2022-08-13 00:00:00.0,6000,Paid,6000.00,0001-01-01 00:00:00.0,0
218,,2022-06-30 00:00:00.0,528,2022-06-30 00:00:00.0,0.0,Paid,14000.00,0001-01-01 00:00:00.0,0
219,,2022-07-31 00:00:00.0,428,2022-07-31 00:00:00.0,0.0,Paid,8000.00,0001-01-01 00:00:00.0,0
220,,2022-06-30 00:00:00.0,406,2022-06-30 00:00:00.0,0.0,Paid,14000.00,0001-01-01 00:00:00.0,0
221,,2022-07-31 00:00:00.0,446,2022-07-31 00:00:00.0,0.0,Paid,14000.00,0001-01-01 00:00:00.0,0
223,,2022-08-17 00:00:00.0,412,2022-08-17 00:00:00.0,0.0,Paid,16700.00,0001-01-01 00:00:00.0,0
224,,2022-08-17 00:00:00.0,423,2022-08-17 00:00:00.0,0.0,Paid,28000,0001-01-01 00:00:00.0,0
225,,2022-08-17 00:00:00.0,453,2022-08-17 00:00:00.0,8000,Paid,15000.00,0001-01-01 00:00:00.0,0
226,,2022-08-17 00:00:00.0,529,2022-08-17 00:00:00.0,8000,Paid,21000.00,0001-01-01 00:00:00.0,0
227,,2022-06-30 00:00:00.0,420,2022-06-30 00:00:00.0,0.0,Paid,15000.00,0001-01-01 00:00:00.0,0
228,,2022-08-19 12:10:27.294499,481,2022-08-19 12:10:27.294499,0.0,Paid,7000.00,0001-01-01 00:00:00.0,0
229,,2022-08-20 14:52:39.8085,562,2022-08-20 14:52:39.808501,8000,Paid,32500,0001-01-01 00:00:00.0,0
230,,2022-05-31 00:00:00.0,431,2022-05-31 00:00:00.0,0.0,Paid,0,0001-01-01 00:00:00.0,0
231,,2022-06-30 00:00:00.0,451,2022-06-30 00:00:00.0,8000,Paid,14000.00,0001-01-01 00:00:00.0,0
232,,2022-06-07 00:00:00.0,558,2022-06-07 00:00:00.0,8000,Paid,29000,0001-01-01 00:00:00.0,0
233,,2022-07-31 00:00:00.0,527,2022-07-31 00:00:00.0,0.0,Paid,0,0001-01-01 00:00:00.0,0
234,,2022-08-04 00:00:00.0,525,2022-08-05 00:00:00.0,0.0,Paid,3500.00,0001-01-01 00:00:00.0,0
236,,2022-08-24 18:33:23.416873,211,2022-08-24 18:33:23.416873,13000,Paid,29640.00,0001-01-01 00:00:00.0,0
238,,2022-08-27 00:00:00.0,225,2022-08-27 00:00:00.0,17000,Paid,25473.00,0001-01-01 00:00:00.0,0
239,,2022-08-31 00:00:00.0,482,2022-09-12 12:43:40.575304,0.0,Paid,14000.00,0001-01-01 00:00:00.0,0
240,,2022-08-02 00:00:00.0,465,2022-09-02 00:00:00.0,0.0,Paid,14000.00,0001-01-01 00:00:00.0,0
241,,2022-09-02 00:00:00.0,466,2022-09-02 00:00:00.0,0.0,Paid,14000.00,0001-01-01 00:00:00.0,0
242,,2022-08-31 00:00:00.0,448,2022-08-31 00:00:00.0,0.0,Paid,14000.00,0001-01-01 00:00:00.0,0
243,,2022-08-31 00:00:00.0,430,2022-08-31 00:00:00.0,0.0,Paid,7000.00,0001-01-01 00:00:00.0,0
245,,2022-09-17 00:00:00.0,499,2022-09-17 00:00:00.0,0.0,Paid,21000,0001-01-01 00:00:00.0,0
327,,2023-02-28 00:00:00.0,638,2023-02-28 00:00:00.0,0.0,Paid,33250.00,0001-01-01 00:00:00.0,0
246,,2022-08-31 00:00:00.0,200,2022-08-31 00:00:00.0,16000,Paid,25100.00,0001-01-01 00:00:00.0,0
247,,2022-08-31 00:00:00.0,544,2022-08-31 00:00:00.0,15000,Unconfirmed,11000.00,0001-01-01 00:00:00.0,4000.00
248,,2022-08-31 00:00:00.0,539,2022-08-31 00:00:00.0,4000,Paid,8000.00,0001-01-01 00:00:00.0,0
249,,2022-08-31 00:00:00.0,324,2022-08-31 00:00:00.0,13000,Paid,17000.00,0001-01-01 00:00:00.0,0
250,,2022-09-28 00:00:00.0,245,2022-09-28 00:00:00.0,6000,Paid,7500.00,0001-01-01 00:00:00.0,0
251,,2022-09-28 00:00:00.0,536,2022-09-28 00:00:00.0,15000,Unconfirmed,10500.00,0001-01-01 00:00:00.0,4500.00
252,,2022-09-30 00:00:00.0,367,2022-09-30 00:00:00.0,13000,Unconfirmed,10500.00,0001-01-01 00:00:00.0,2500.00
253,,2022-10-04 00:00:00.0,531,2022-10-04 00:00:00.0,0.0,Paid,28000.00,0001-01-01 00:00:00.0,0
254,,2022-09-25 00:00:00.0,424,2022-09-25 00:00:00.0,0.0,Paid,7000.00,0001-01-01 00:00:00.0,0
255,,2022-09-30 00:00:00.0,488,2022-09-30 00:00:00.0,20000,Unconfirmed,15500.00,0001-01-01 00:00:00.0,4500.00
256,,2022-09-30 00:00:00.0,543,2022-09-30 00:00:00.0,20000,Unconfirmed,16500.00,0001-01-01 00:00:00.0,3500.00
257,,2022-09-30 00:00:00.0,380,2022-09-30 00:00:00.0,5000,Paid,14500.00,0001-01-01 00:00:00.0,0
258,,2022-09-30 00:00:00.0,133,2022-09-30 00:00:00.0,0.0,Paid,14600.00,0001-01-01 00:00:00.0,0
259,,2022-09-30 00:00:00.0,569,2022-09-30 00:00:00.0,8000,Paid,8700.00,0001-01-01 00:00:00.0,0
260,,2022-09-30 00:00:00.0,534,2022-09-30 00:00:00.0,8000,Unconfirmed,7000.00,0001-01-01 00:00:00.0,1000.00
261,,2022-10-12 00:00:00.0,495,2022-10-12 00:00:00.0,0.0,Paid,10500.00,0001-01-01 00:00:00.0,0
262,,2022-10-16 00:00:00.0,604,2022-10-16 00:00:00.0,20000,Paid,20000.00,0001-01-01 00:00:00.0,0
263,,2022-10-17 00:00:00.0,541,2022-10-17 00:00:00.0,0.0,Paid,4000.00,0001-01-01 00:00:00.0,0
264,,2022-09-30 00:00:00.0,457,2022-09-30 00:00:00.0,0.0,Unconfirmed,0,0001-01-01 00:00:00.0,2500.00
265,,2022-10-15 00:00:00.0,471,2022-10-15 00:00:00.0,0.0,Paid,0,0001-01-01 00:00:00.0,0
266,,2022-10-26 00:00:00.0,494,2022-10-26 00:00:00.0,18000,Unconfirmed,14500.00,0001-01-01 00:00:00.0,3500.00
267,,2022-11-02 00:00:00.0,267,2022-11-02 00:00:00.0,7500,Paid,9000.00,0001-01-01 00:00:00.0,0
268,,2022-11-02 00:00:00.0,468,2022-11-02 00:00:00.0,0.0,Paid,7500.00,0001-01-01 00:00:00.0,0
269,,2022-10-06 00:00:00.0,621,2022-10-06 00:00:00.0,14000,Unconfirmed,0,0001-01-01 00:00:00.0,22500.00
270,,2022-10-31 00:00:00.0,590,2022-10-31 00:00:00.0,8000,Unconfirmed,7500.00,0001-01-01 00:00:00.0,500.00
272,,2022-11-07 00:00:00.0,46,2022-11-07 00:00:00.0,0.0,Paid,18000.00,0001-01-01 00:00:00.0,0
273,,2022-11-07 00:00:00.0,553,2022-11-07 00:00:00.0,10500,Paid,15000.00,0001-01-01 00:00:00.0,0
274,,2022-11-04 00:00:00.0,389,2022-11-04 00:00:00.0,0.0,Paid,14500.00,0001-01-01 00:00:00.0,0
275,,2022-11-04 00:00:00.0,643,2022-11-04 00:00:00.0,0.0,Paid,28101,0001-01-01 00:00:00.0,0
277,,2022-11-05 00:00:00.0,478,2022-11-05 00:00:00.0,0.0,Paid,7500.00,0001-01-01 00:00:00.0,0
278,,2022-10-31 00:00:00.0,563,2022-10-31 00:00:00.0,8000,Unconfirmed,7500.00,0001-01-01 00:00:00.0,500.00
279,,2022-10-31 00:00:00.0,443,2022-10-31 00:00:00.0,0.0,Paid,7500.00,0001-01-01 00:00:00.0,0
280,,2022-11-04 00:00:00.0,341,2022-11-04 00:00:00.0,19000,Unconfirmed,14500.00,0001-01-01 00:00:00.0,4500.00
281,,2022-10-31 00:00:00.0,136,2022-10-31 00:00:00.0,0.0,Paid,14500.00,0001-01-01 00:00:00.0,0
282,,2022-11-08 00:00:00.0,33,2022-11-08 00:00:00.0,0.0,Paid,8500.00,0001-01-01 00:00:00.0,0
283,,2022-11-15 00:00:00.0,524,2022-11-15 00:00:00.0,10500,Unconfirmed,8000.00,0001-01-01 00:00:00.0,2500.00
284,,2022-11-30 00:00:00.0,364,2022-11-30 00:00:00.0,0.0,Paid,150000,0001-01-01 00:00:00.0,0
285,,2022-11-30 00:00:00.0,530,2022-11-30 00:00:00.0,0.0,Paid,15000.00,0001-01-01 00:00:00.0,0
286,,2022-11-30 00:00:00.0,606,2022-11-30 00:00:00.0,20000,Paid,22000.00,0001-01-01 00:00:00.0,0
287,,2022-11-30 00:00:00.0,599,2022-11-30 00:00:00.0,8000,Unconfirmed,7000.00,0001-01-01 00:00:00.0,1000.00
288,,2022-11-30 00:00:00.0,455,2022-11-30 00:00:00.0,0.0,Paid,15000.00,0001-01-01 00:00:00.0,0
289,,2022-10-31 00:00:00.0,634,2022-10-31 00:00:00.0,0.0,Paid,25250.00,0001-01-01 00:00:00.0,0
290,,2022-11-30 00:00:00.0,637,2022-11-30 00:00:00.0,0.0,Paid,12500.00,0001-01-01 00:00:00.0,0
291,,2022-11-30 00:00:00.0,491,2022-11-30 00:00:00.0,10500,Unconfirmed,7500.00,0001-01-01 00:00:00.0,3000.00
292,,2022-12-04 00:00:00.0,650,2022-12-04 00:00:00.0,6000,Paid,6000.00,0001-01-01 00:00:00.0,0
293,,2022-11-30 00:00:00.0,76,2022-11-30 00:00:00.0,0.0,Paid,15000.00,0001-01-01 00:00:00.0,0
294,,2022-12-31 00:00:00.0,38,2022-12-31 00:00:00.0,0.0,Paid,11900.00,0001-01-01 00:00:00.0,0
295,,2022-12-22 00:00:00.0,352,2022-12-22 00:00:00.0,3000,Paid,7496.00,0001-01-01 00:00:00.0,0
296,,2022-12-31 00:00:00.0,668,2022-12-31 00:00:00.0,5000,Paid,35000.00,0001-01-01 00:00:00.0,0
297,,2022-12-31 00:00:00.0,660,2022-12-31 00:00:00.0,10500,Unconfirmed,7500.00,0001-01-01 00:00:00.0,3000.00
298,,2023-01-01 00:00:00.0,596,2023-01-01 00:00:00.0,8000,Paid,8000.00,0001-01-01 00:00:00.0,0
299,,2022-12-31 00:00:00.0,576,2022-12-31 00:00:00.0,0.0,Paid,8000.00,0001-01-01 00:00:00.0,0
300,,2022-12-31 00:00:00.0,533,2022-12-31 00:00:00.0,8000,Paid,8000.00,0001-01-01 00:00:00.0,0
301,,2023-01-02 00:00:00.0,591,2023-01-02 00:00:00.0,8000,Paid,8000.00,0001-01-01 00:00:00.0,0
302,,2023-01-04 00:00:00.0,436,2023-01-04 00:00:00.0,8000,Paid,8000.00,0001-01-01 00:00:00.0,0
303,,2023-01-12 00:00:00.0,672,2023-01-12 00:00:00.0,18000,Unconfirmed,5500.00,0001-01-01 00:00:00.0,12500.00
304,,2023-01-25 00:00:00.0,572,2023-01-25 00:00:00.0,8000,Paid,19500.00,0001-01-01 00:00:00.0,0
305,,2023-01-25 00:00:00.0,426,2023-01-25 00:00:00.0,0.0,Paid,15500.00,0001-01-01 00:00:00.0,0
306,,2023-01-28 17:11:16.44727,391,2023-01-28 17:11:16.44727,0.0,Paid,7500.00,0001-01-01 00:00:00.0,0
307,,2023-01-31 19:17:41.642246,286,2023-01-31 19:17:41.642247,0.0,Paid,4580.00,0001-01-01 00:00:00.0,0
308,,2023-01-31 00:00:00.0,233,2023-01-31 00:00:00.0,19000,Unconfirmed,1449.00,0001-01-01 00:00:00.0,17551.00
309,,2023-01-31 00:00:00.0,345,2023-01-31 00:00:00.0,0.0,Paid,120000,0001-01-01 00:00:00.0,0
310,,2023-01-31 00:00:00.0,59,2023-01-31 00:00:00.0,0.0,Paid,22000.00,0001-01-01 00:00:00.0,0
311,,2023-01-31 00:00:00.0,106,2023-01-31 00:00:00.0,0.0,Paid,15663.00,0001-01-01 00:00:00.0,0
312,,2023-02-04 00:00:00.0,551,2023-02-04 00:00:00.0,10500,Unconfirmed,7000.00,0001-01-01 00:00:00.0,3500.00
313,,2023-02-01 00:00:00.0,376,2023-02-01 00:00:00.0,5500,Paid,15000.00,0001-01-01 00:00:00.0,0
314,,2023-01-31 00:00:00.0,415,2023-01-31 00:00:00.0,0.0,Paid,8000.00,0001-01-01 00:00:00.0,0
316,,2023-01-31 00:00:00.0,557,2023-01-31 00:00:00.0,8000,Paid,8000.00,0001-01-01 00:00:00.0,0
317,,2023-01-31 00:00:00.0,479,2023-01-31 00:00:00.0,0.0,Paid,8000.00,0001-01-01 00:00:00.0,0
318,,2023-01-31 00:00:00.0,670,2023-01-31 00:00:00.0,9000,Unconfirmed,8000.00,0001-01-01 00:00:00.0,1000.00
319,,2023-01-31 00:00:00.0,595,2023-01-31 00:00:00.0,8000,Paid,8000.00,0001-01-01 00:00:00.0,0
320,,2023-01-31 00:00:00.0,628,2023-01-31 00:00:00.0,9000,Unconfirmed,8000.00,0001-01-01 00:00:00.0,1000.00
321,,2023-01-31 00:00:00.0,575,2023-01-31 00:00:00.0,8000,Paid,8000.00,0001-01-01 00:00:00.0,0
322,,2023-01-31 00:00:00.0,390,2023-01-31 00:00:00.0,0.0,Paid,8000.00,0001-01-01 00:00:00.0,0
323,,2023-01-31 00:00:00.0,526,2023-01-31 00:00:00.0,0.0,Paid,8000.00,0001-01-01 00:00:00.0,0
324,,2023-01-31 00:00:00.0,508,2023-01-31 00:00:00.0,1000,Paid,17000.00,0001-01-01 00:00:00.0,0
325,,2023-01-31 00:00:00.0,582,2023-01-31 00:00:00.0,8000,Paid,16000.00,0001-01-01 00:00:00.0,0
326,,2023-02-25 00:00:00.0,618,2023-02-25 00:00:00.0,10500,Unconfirmed,2500.00,0001-01-01 00:00:00.0,8000.00
328,,2023-03-04 00:00:00.0,218,2023-03-04 00:00:00.0,23000,Unconfirmed,18500.00,0001-01-01 00:00:00.0,4500.00
329,,2023-02-28 00:00:00.0,627,2023-02-28 00:00:00.0,8500,Paid,9500.00,0001-01-01 00:00:00.0,0
330,,2023-02-28 00:00:00.0,486,2023-02-28 00:00:00.0,13000,Unconfirmed,9500.00,0001-01-01 00:00:00.0,3500.00
331,,2023-02-28 00:00:00.0,518,2023-02-28 00:00:00.0,0.0,Paid,8900.00,0001-01-01 00:00:00.0,0
332,,2023-02-28 00:00:00.0,594,2023-02-28 00:00:00.0,8000,Paid,8000.00,0001-01-01 00:00:00.0,0
333,,2023-02-28 00:00:00.0,445,2023-02-28 00:00:00.0,0.0,Paid,8000.00,0001-01-01 00:00:00.0,0
334,,2023-03-01 00:00:00.0,474,2023-03-01 00:00:00.0,0.0,Paid,0,0001-01-01 00:00:00.0,0
335,,2023-03-01 00:00:00.0,567,2023-03-01 00:00:00.0,8000,Unconfirmed,0,0001-01-01 00:00:00.0,8000
336,,2023-03-01 00:00:00.0,685,2023-03-01 00:00:00.0,9000,Unconfirmed,0,0001-01-01 00:00:00.0,9000
337,,2023-04-04 00:00:00.0,520,2023-04-04 00:00:00.0,0.0,Paid,16000.00,0001-01-01 00:00:00.0,0
338,,2023-04-01 00:00:00.0,85,2023-04-01 00:00:00.0,0.0,Paid,18550.00,0001-01-01 00:00:00.0,0
339,,2023-03-31 00:00:00.0,601,2023-03-31 00:00:00.0,8000,Paid,8000.00,0001-01-01 00:00:00.0,0
341,,2023-03-31 00:00:00.0,400,2023-03-31 00:00:00.0,0.0,Paid,8000.00,0001-01-01 00:00:00.0,0
342,,2023-03-31 00:00:00.0,460,2023-03-31 00:00:00.0,0.0,Paid,8000.00,0001-01-01 00:00:00.0,0
343,,2023-03-31 00:00:00.0,439,2023-03-31 00:00:00.0,0.0,Paid,8000.00,0001-01-01 00:00:00.0,0
344,,2023-03-31 00:00:00.0,587,2023-03-31 00:00:00.0,8000,Paid,8000.00,0001-01-01 00:00:00.0,0
345,,2023-03-31 00:00:00.0,600,2023-03-31 00:00:00.0,8000,Paid,8000.00,0001-01-01 00:00:00.0,0
346,,2023-04-17 12:41:05.109397,388,2023-04-17 12:41:05.109398,10000,Paid,14200.00,0001-01-01 00:00:00.0,0
347,,2023-04-18 19:01:31.424702,340,2023-04-18 19:01:31.424702,17000,Unconfirmed,1100.00,0001-01-01 00:00:00.0,15900.00
348,,2023-04-19 00:00:00.0,447,2023-04-19 00:00:00.0,0.0,Paid,0,0001-01-01 00:00:00.0,0
350,,2023-04-30 19:11:44.583701,404,2023-04-30 19:11:44.583701,0.0,Paid,13500.00,0001-01-01 00:00:00.0,0
352,,2023-04-30 00:00:00.0,578,2023-04-30 00:00:00.0,8000,Paid,8000.00,0001-01-01 00:00:00.0,0
353,,2023-04-30 00:00:00.0,425,2023-04-30 00:00:00.0,0.0,Paid,8000.00,0001-01-01 00:00:00.0,0
354,,2023-04-30 00:00:00.0,438,2023-04-30 00:00:00.0,0.0,Paid,8000.00,0001-01-01 00:00:00.0,0
355,,2023-04-30 00:00:00.0,202,2023-04-30 00:00:00.0,39000,Unconfirmed,14500.00,0001-01-01 00:00:00.0,24500.00
356,,2023-04-30 00:00:00.0,394,2023-04-30 00:00:00.0,0.0,Paid,8000.00,0001-01-01 00:00:00.0,0
357,,2023-04-30 00:00:00.0,589,2023-04-30 00:00:00.0,8000,Paid,8000.00,0001-01-01 00:00:00.0,0
358,,2023-04-30 00:00:00.0,586,2023-04-30 00:00:00.0,8000,Paid,8000.00,0001-01-01 00:00:00.0,0
359,,2023-04-30 00:00:00.0,613,2023-04-30 00:00:00.0,8000,Paid,8000.00,0001-01-01 00:00:00.0,0
360,,2023-05-01 00:00:00.0,665,2023-05-01 00:00:00.0,9000,Unconfirmed,8000.00,0001-01-01 00:00:00.0,1000.00
361,,2023-05-01 00:00:00.0,614,2023-05-01 00:00:00.0,8000,Paid,8000.00,0001-01-01 00:00:00.0,0
362,,2023-05-01 00:00:00.0,559,2023-05-01 00:00:00.0,8000,Paid,8000.00,0001-01-01 00:00:00.0,0
363,,2023-05-01 00:00:00.0,506,2023-05-01 00:00:00.0,0.0,Paid,8000.00,0001-01-01 00:00:00.0,0
364,,2023-05-01 00:00:00.0,477,2023-05-01 00:00:00.0,0.0,Paid,8000.00,0001-01-01 00:00:00.0,0
365,,2023-05-01 00:00:00.0,702,2023-05-01 00:00:00.0,9000,Unconfirmed,7998.00,0001-01-01 00:00:00.0,1002.00
366,,2023-05-05 00:00:00.0,555,2023-05-05 00:00:00.0,11000,Unconfirmed,9000.00,0001-01-01 00:00:00.0,2000.00
368,,2023-05-01 00:00:00.0,624,2023-05-01 00:00:00.0,15000,Unconfirmed,10000.00,0001-01-01 00:00:00.0,5000.00
369,,2023-05-03 00:00:00.0,373,2023-05-03 00:00:00.0,5000,Unconfirmed,0,0001-01-01 00:00:00.0,5000
370,,2023-05-31 00:00:00.0,605,2023-05-31 00:00:00.0,14000,Paid,16500.00,0001-01-01 00:00:00.0,0
371,,2023-05-31 00:00:00.0,719,2023-05-31 00:00:00.0,17000,Paid,25000.00,0001-01-01 00:00:00.0,0
372,,2023-05-31 00:00:00.0,350,2023-05-31 00:00:00.0,29000,Unconfirmed,21600.00,0001-01-01 00:00:00.0,7400.00
373,,2023-05-31 00:00:00.0,542,2023-05-31 00:00:00.0,20000,Paid,31000.00,0001-01-01 00:00:00.0,0
374,,2023-05-31 00:00:00.0,619,2023-05-31 00:00:00.0,14000,Unconfirmed,9500.00,0001-01-01 00:00:00.0,4500.00
375,,2023-05-31 00:00:00.0,710,2023-05-31 00:00:00.0,14000,Unconfirmed,9500.00,0001-01-01 00:00:00.0,4500.00
376,,2023-05-31 00:00:00.0,321,2023-05-31 00:00:00.0,20000,Unconfirmed,16000.00,0001-01-01 00:00:00.0,4000.00
377,,2023-05-31 00:00:00.0,608,2023-05-31 00:00:00.0,8000,Paid,8000.00,0001-01-01 00:00:00.0,0
378,,2023-05-31 00:00:00.0,476,2023-05-31 00:00:00.0,0.0,Paid,16000.00,0001-01-01 00:00:00.0,0
379,,2023-05-31 00:00:00.0,630,2023-05-31 00:00:00.0,8500,Unconfirmed,6500.00,0001-01-01 00:00:00.0,2000.00
380,,2023-05-31 00:00:00.0,397,2023-05-31 00:00:00.0,0.0,Paid,8000.00,0001-01-01 00:00:00.0,0
381,,2023-05-31 00:00:00.0,689,2023-05-31 00:00:00.0,5000,Paid,8750.00,0001-01-01 00:00:00.0,0
383,,2023-05-31 00:00:00.0,372,2023-05-31 00:00:00.0,10500,Unconfirmed,7500.00,0001-01-01 00:00:00.0,3000.00
384,,2023-05-31 00:00:00.0,351,2023-05-31 00:00:00.0,13000,Unconfirmed,8500.00,0001-01-01 00:00:00.0,4500.00
385,,2023-05-31 00:00:00.0,626,2023-05-31 00:00:00.0,20000,Unconfirmed,9500.00,0001-01-01 00:00:00.0,10500.00
386,,2023-05-31 00:00:00.0,580,2023-05-31 00:00:00.0,8000,Paid,8000.00,0001-01-01 00:00:00.0,0
387,,2023-05-31 00:00:00.0,698,2023-05-31 00:00:00.0,9000,Unconfirmed,8000.00,0001-01-01 00:00:00.0,1000.00
388,,2023-05-31 00:00:00.0,593,2023-05-31 00:00:00.0,8000,Paid,8000.00,0001-01-01 00:00:00.0,0
389,,2023-06-05 00:00:00.0,356,2023-06-05 00:00:00.0,19000,Unconfirmed,15000.00,0001-01-01 00:00:00.0,4000.00
390,,2023-05-31 00:00:00.0,535,2023-05-31 00:00:00.0,8000,Paid,8000.00,0001-01-01 00:00:00.0,0
391,,2023-05-31 00:00:00.0,374,2023-05-31 00:00:00.0,3000,Paid,6000.00,0001-01-01 00:00:00.0,0
392,,2023-06-27 00:00:00.0,653,2023-06-27 00:00:00.0,9000,Unconfirmed,8000.00,0001-01-01 00:00:00.0,1000.00
393,,2023-05-31 00:00:00.0,642,2023-05-31 00:00:00.0,0.0,Paid,12500.00,0001-01-01 00:00:00.0,0
394,,2023-07-03 00:00:00.0,454,2023-07-03 00:00:00.0,0.0,Paid,17000.00,0001-01-01 00:00:00.0,0
395,,2023-06-30 00:00:00.0,55,2023-06-30 00:00:00.0,0.0,Paid,12500.00,0001-01-01 00:00:00.0,0
396,,2023-06-30 00:00:00.0,49,2023-06-30 00:00:00.0,0.0,Paid,12400.00,0001-01-01 00:00:00.0,0
400,,2023-06-30 00:00:00.0,679,2023-06-30 00:00:00.0,10500,Unconfirmed,7500.00,0001-01-01 00:00:00.0,3000.00
401,,2023-06-30 00:00:00.0,588,2023-06-30 00:00:00.0,8000,Paid,8000.00,0001-01-01 00:00:00.0,0
402,,2023-06-30 00:00:00.0,573,2023-06-30 00:00:00.0,8000,Paid,8000.00,0001-01-01 00:00:00.0,0
404,,2023-06-30 00:00:00.0,359,2023-06-30 00:00:00.0,10500,Unconfirmed,5000.00,0001-01-01 00:00:00.0,5500.00
405,,2023-06-30 00:00:00.0,434,2023-06-30 00:00:00.0,0.0,Paid,8500.00,0001-01-01 00:00:00.0,0
406,,2023-06-30 00:00:00.0,512,2023-06-30 00:00:00.0,8000,Paid,8000.00,0001-01-01 00:00:00.0,0
407,,2023-06-30 00:00:00.0,141,2023-06-30 00:00:00.0,0.0,Paid,18500.00,0001-01-01 00:00:00.0,0
408,,2023-06-30 00:00:00.0,657,2023-06-30 00:00:00.0,15000,Unconfirmed,10500.00,0001-01-01 00:00:00.0,4500.00
410,,2023-06-30 00:00:00.0,723,2023-06-30 00:00:00.0,18000,Paid,28500.00,0001-01-01 00:00:00.0,0
411,,2023-07-15 00:00:00.0,370,2023-07-15 00:00:00.0,11000,Unconfirmed,8000.00,0001-01-01 00:00:00.0,3000.00
412,,2023-07-15 00:00:00.0,688,2023-07-15 00:00:00.0,11000,Paid,13500.00,0001-01-01 00:00:00.0,0
413,,2023-07-12 00:00:00.0,521,2023-07-12 00:00:00.0,0.0,Paid,8000.00,0001-01-01 00:00:00.0,0
414,,2023-05-31 00:00:00.0,612,2023-05-31 00:00:00.0,10500,Paid,15000.00,0001-01-01 00:00:00.0,0
415,,2023-07-31 00:00:00.0,711,2023-07-31 00:00:00.0,9000,Paid,16000.00,0001-01-01 00:00:00.0,0
416,,2023-07-31 00:00:00.0,753,2023-07-31 00:00:00.0,14000,Unconfirmed,10000.00,0001-01-01 00:00:00.0,4000.00
417,,2023-07-31 00:00:00.0,631,2023-07-31 00:00:00.0,0.0,Paid,24600.00,0001-01-01 00:00:00.0,0
418,,2023-07-31 00:00:00.0,458,2023-07-31 00:00:00.0,0.0,Paid,8000.00,0001-01-01 00:00:00.0,0
419,,2023-06-30 00:00:00.0,736,2023-06-30 00:00:00.0,14000,Paid,19000.00,0001-01-01 00:00:00.0,0
420,,2023-07-31 00:00:00.0,213,2023-07-31 00:00:00.0,18000,Paid,27000.00,0001-01-01 00:00:00.0,0
421,,2023-07-31 00:00:00.0,726,2023-07-31 00:00:00.0,9000,Unconfirmed,8000.00,0001-01-01 00:00:00.0,1000.00
422,,2023-08-22 00:00:00.0,669,2023-08-22 00:00:00.0,10500,Unconfirmed,7500.00,0001-01-01 00:00:00.0,3000.00
423,,2023-04-01 00:00:00.0,450,2023-04-01 00:00:00.0,0.0,Paid,0,0001-01-01 00:00:00.0,0
424,,2023-07-31 00:00:00.0,297,2023-07-31 00:00:00.0,22000,Unconfirmed,13500.00,0001-01-01 00:00:00.0,8500.00
425,,2023-08-31 00:00:00.0,132,2023-08-31 00:00:00.0,0.0,Paid,7430.00,0001-01-01 00:00:00.0,0
426,,2023-08-31 00:00:00.0,17,2023-08-31 00:00:00.0,0.0,Paid,8000.00,0001-01-01 00:00:00.0,0
427,,2023-08-31 00:00:00.0,743,2023-08-31 00:00:00.0,9000,Unconfirmed,0,0001-01-01 00:00:00.0,9000
428,,2023-08-31 00:00:00.0,158,2023-08-31 00:00:00.0,0.0,Paid,0,0001-01-01 00:00:00.0,0
429,,2023-08-31 00:00:00.0,706,2023-08-31 00:00:00.0,6000,Paid,6000.00,0001-01-01 00:00:00.0,0
430,,2023-08-31 00:00:00.0,680,2023-08-31 00:00:00.0,16000,Unconfirmed,0,0001-01-01 00:00:00.0,16000
431,,2023-08-31 00:00:00.0,750,2023-08-31 00:00:00.0,34000,Unconfirmed,7500.00,0001-01-01 00:00:00.0,26500.00
432,,2023-08-31 00:00:00.0,545,2023-08-31 00:00:00.0,17000,Unconfirmed,0,0001-01-01 00:00:00.0,17000
433,,2023-09-01 00:00:00.0,623,2023-09-01 00:00:00.0,4000,Unconfirmed,0,0001-01-01 00:00:00.0,4000
434,,2023-09-16 00:00:00.0,566,2023-09-16 00:00:00.0,8000,Unconfirmed,0,0001-01-01 00:00:00.0,8000
435,,2023-09-01 00:00:00.0,784,2023-09-01 00:00:00.0,10500,Unconfirmed,3000.00,0001-01-01 00:00:00.0,7500.00
437,,2023-06-30 00:00:00.0,296,2023-06-30 00:00:00.0,0.0,Paid,0,0001-01-01 00:00:00.0,0
438,,2023-09-30 00:00:00.0,770,2023-09-30 00:00:00.0,14000,Unconfirmed,10000.00,0001-01-01 00:00:00.0,4000.00
439,,2023-10-06 00:00:00.0,484,2023-10-06 00:00:00.0,0.0,Paid,8000.00,0001-01-01 00:00:00.0,0
442,,2023-10-15 00:00:00.0,695,2023-10-15 00:00:00.0,10500,Paid,15000.00,0001-01-01 00:00:00.0,0
443,,2023-09-30 00:00:00.0,742,2023-09-30 00:00:00.0,9000,Unconfirmed,8000.00,0001-01-01 00:00:00.0,1000.00
444,,2023-09-30 00:00:00.0,592,2023-09-30 00:00:00.0,8000,Unconfirmed,0,0001-01-01 00:00:00.0,8000
445,,2023-09-30 00:00:00.0,437,2023-09-30 00:00:00.0,0.0,Paid,0,0001-01-01 00:00:00.0,0
446,,2023-09-30 00:00:00.0,323,2023-09-30 00:00:00.0,18000,Unconfirmed,0,0001-01-01 00:00:00.0,18000
447,,2023-09-30 00:00:00.0,714,2023-09-30 00:00:00.0,17000,Unconfirmed,0,0001-01-01 00:00:00.0,17000
448,,2023-09-30 00:00:00.0,548,2023-09-30 00:00:00.0,11000,Unconfirmed,0,0001-01-01 00:00:00.0,11000
449,,2023-09-30 00:00:00.0,546,2023-09-30 00:00:00.0,10500,Unconfirmed,0,0001-01-01 00:00:00.0,10500
451,,2023-10-01 00:00:00.0,701,2023-10-01 00:00:00.0,15000,Unconfirmed,12500.00,0001-01-01 00:00:00.0,2500.00
452,,2023-09-30 00:00:00.0,192,2023-09-30 00:00:00.0,0.0,Paid,35489.00,0001-01-01 00:00:00.0,0
453,,2023-10-31 00:00:00.0,667,2023-10-31 00:00:00.0,9000,Unconfirmed,0,0001-01-01 00:00:00.0,9000
454,,2023-10-31 00:00:00.0,463,2023-10-31 00:00:00.0,0.0,Paid,0,0001-01-01 00:00:00.0,0
455,,2023-10-31 00:00:00.0,766,2023-10-31 00:00:00.0,11000,Paid,16000.00,0001-01-01 00:00:00.0,0
456,,2023-10-31 00:00:00.0,385,2023-10-31 00:00:00.0,10500,Paid,15200.00,0001-01-01 00:00:00.0,0
458,,2023-10-31 00:00:00.0,747,2023-10-31 00:00:00.0,17000,Paid,24000.00,0001-01-01 00:00:00.0,0
459,,2023-10-31 00:00:00.0,43,2023-10-31 00:00:00.0,0.0,Paid,0,0001-01-01 00:00:00.0,0
460,,2023-10-31 00:00:00.0,63,2023-10-31 00:00:00.0,0.0,Paid,12552.00,0001-01-01 00:00:00.0,0
461,,2023-10-31 00:00:00.0,73,2023-10-31 00:00:00.0,0.0,Paid,0,0001-01-01 00:00:00.0,0
462,,2023-11-30 00:00:00.0,763,2023-11-30 00:00:00.0,9000,Unconfirmed,8000.00,0001-01-01 00:00:00.0,1000.00
463,,2023-11-30 00:00:00.0,401,2023-11-30 00:00:00.0,0.0,Paid,8000.00,0001-01-01 00:00:00.0,0
464,,2023-11-30 00:00:00.0,786,2023-11-30 00:00:00.0,9000,Unconfirmed,0,0001-01-01 00:00:00.0,9000
465,,2023-11-30 00:00:00.0,560,2023-11-30 00:00:00.0,8000,Unconfirmed,0,0001-01-01 00:00:00.0,8000
466,,2023-11-30 00:00:00.0,739,2023-11-30 00:00:00.0,9000,Unconfirmed,8000.00,0001-01-01 00:00:00.0,1000.00
467,,2023-11-30 00:00:00.0,303,2023-11-30 00:00:00.0,13000,Paid,17000.00,0001-01-01 00:00:00.0,0
468,,2023-11-30 00:00:00.0,717,2023-11-30 00:00:00.0,0.0,Paid,3500.00,0001-01-01 00:00:00.0,0
469,,2023-11-30 00:00:00.0,761,2023-11-30 00:00:00.0,19000,Unconfirmed,0,0001-01-01 00:00:00.0,19000
470,,2023-11-30 00:00:00.0,636,2023-11-30 00:00:00.0,0.0,Paid,0,0001-01-01 00:00:00.0,0
471,,2023-11-30 00:00:00.0,644,2023-11-30 00:00:00.0,0.0,Paid,500.00,0001-01-01 00:00:00.0,0
472,,2023-11-30 00:00:00.0,700,2023-11-30 00:00:00.0,17000,Unconfirmed,0,0001-01-01 00:00:00.0,17000
473,,2023-11-30 00:00:00.0,633,2023-11-30 00:00:00.0,0.0,Paid,0,0001-01-01 00:00:00.0,0
474,,2023-11-30 00:00:00.0,640,2023-11-30 00:00:00.0,0.0,Unconfirmed,0,0001-01-01 00:00:00.0,150.00
475,,2023-12-20 00:00:00.0,632,2023-12-20 00:00:00.0,0.0,Paid,0,0001-01-01 00:00:00.0,0
476,,2023-12-31 00:00:00.0,720,2023-12-31 00:00:00.0,9000,Unconfirmed,0,0001-01-01 00:00:00.0,9000
477,,2023-12-31 00:00:00.0,703,2023-12-31 00:00:00.0,9000,Unconfirmed,0,0001-01-01 00:00:00.0,9000
478,,2023-12-31 00:00:00.0,721,2023-12-31 00:00:00.0,9000,Unconfirmed,0,0001-01-01 00:00:00.0,9000
479,,2023-12-31 00:00:00.0,607,2023-12-31 00:00:00.0,8000,Unconfirmed,0,0001-01-01 00:00:00.0,8000
480,,2023-12-31 00:00:00.0,725,2023-12-31 00:00:00.0,16000,Paid,43500.00,0001-01-01 00:00:00.0,0
481,,2023-12-31 00:00:00.0,647,2023-12-31 00:00:00.0,0.0,Paid,37350.00,0001-01-01 00:00:00.0,0
482,,2023-12-31 00:00:00.0,649,2023-12-31 00:00:00.0,17000,Paid,27360.00,0001-01-01 00:00:00.0,0
483,,2023-12-31 00:00:00.0,696,2023-12-31 00:00:00.0,17000,Paid,25500.00,0001-01-01 00:00:00.0,0
484,,2024-01-25 12:07:47.855909,691,2024-01-25 12:07:47.85591,17000,Paid,25000.00,0001-01-01 00:00:00.0,0
485,,2023-12-31 00:00:00.0,639,2023-12-31 00:00:00.0,0.0,Paid,12350.00,0001-01-01 00:00:00.0,0
486,,2023-12-31 00:00:00.0,378,2023-12-31 00:00:00.0,0.0,Paid,0,0001-01-01 00:00:00.0,0
487,,2023-12-31 00:00:00.0,565,2023-12-31 00:00:00.0,10500,Unconfirmed,0,0001-01-01 00:00:00.0,16000.00
488,,2023-12-31 00:00:00.0,804,2023-12-31 00:00:00.0,17000,Unconfirmed,0,0001-01-01 00:00:00.0,17000
489,,2023-12-31 00:00:00.0,749,2023-12-31 00:00:00.0,0.0,Paid,5500.00,0001-01-01 00:00:00.0,0
490,,2023-12-31 00:00:00.0,61,2023-12-31 00:00:00.0,0.0,Paid,0,0001-01-01 00:00:00.0,0
